country,code,date_parsed,weekday,day,month,name_of_holiday,date_of_holiday,year_of_event,independence_from,event_commemorated_and_notes,year,date_mdy,Continent,stack_index,,month,weekday,count
Switzerland,CH,1291-08-01,Wednesday,1,Aug,Swiss National Day,1-Aug,1291,,Alliance against the Holy Roman Empire in 1291.,1291,"August 1, 1291",Europe,1,,Jan,Monday,
Sweden,SE,1523-06-06,Wednesday,6,Jun,National Day,6-Jun,1523,,Celebrates the election of King Gustav Vasa in 1523 and the new constitutions in 1809 and 1974. The election of King Gustav Vasa was the de facto end of the Kalmar Union and has been seen as a formal declaration of independence.,1523,"June 6, 1523",Europe,1,,Jan,Tuesday,
"Netherlands, The",NL,1581-07-26,Sunday,26,Jul,,26-Jul,1581,Spanish Empire,Declaration of Independence in 1581 as the Dutch Republic,1581,"July 26, 1581",Europe,1,,Jan,Wednesday,
Portugal,PT,1640-12-01,Saturday,1,Dec,Restoration of Independence Day,1-Dec,1640,Spanish Empire,"Portugal was officially an autonomous state, but the country was in a personal union with the Spanish crown from 1580 to 1640 – date of the restoration of full Portuguese autonomy from Iberian Union with Spain.[76]",1640,"December 1, 1640",Europe,1,,Jan,Thursday,
Oman,OM,1650-11-18,Friday,18,Nov,National Day,18-Nov,1650,Portugal,,1650,"November 18, 1650",Asia,1,,Jan,Friday,
United States,US,1776-07-04,Thursday,4,Jul,Independence Day or Fourth of July,4-Jul,1776,Kingdom of Great Britain,United States Declaration of Independence,1776,"July 4, 1776",Africa,1,,Jan,Saturday,
France,FR,1789-07-14,Tuesday,14,Jul,National Day or Bastille Day,14-Jul,1789,,Storming of the Bastille,1789,"July 14, 1789",Europe,1,,Jan,Sunday,
Haiti,HT,1804-01-01,Sunday,1,Jan,Independence Day,1-Jan,1804,France,Haitian Declaration of Independence,1804,"January 1, 1804",NorthAmerica,1,,Feb,Monday,
Ecuador,EC,1809-08-10,Thursday,10,Aug,Independence Day,10-Aug,1809,Spanish Empire,"Proclaimed independence on August 10, 1809, but failed with the execution of all the conspirators of the movement on August 2, 1810.",1809,"August 10, 1809",SouthAmerica,1,,Feb,Tuesday,
Chile,CI,1810-09-18,Tuesday,18,Sep,Independence Day (part of Fiestas Patrias),18-Sep,1810,Spanish Empire,"Establishment of the Government Junta of Chile.[37] The following day, September 19, is celebrated as the Army Day.[38] The two holidays collectively are known as Fiestas Patrias.[39]",1810,"September 18, 1810",SouthAmerica,1,,Feb,Wednesday,
Colombia,CO,1810-07-20,Friday,20,Jul,Independence Day,20-Jul,1810,Spanish Empire,Colombian Declaration of Independence,1810,"July 20, 1810",SouthAmerica,2,,Feb,Thursday,
Mexico,MX,1810-09-16,Sunday,16,Sep,Grito de DoloresDía de la Independéncia,16-Sep,1810,Spanish Empire,Start of the Mexican War of Independence,1810,"September 16, 1810",NorthAmerica,3,,Feb,Friday,
Paraguay,PY,1811-05-14,Tuesday,14,May,Independence Day,14-May,1811,Spanish Empire[72],,1811,"May 14, 1811",SouthAmerica,1,,Feb,Saturday,
Venezuela,VU,1811-07-05,Friday,5,Jul,Independence Day,5-Jul,1811,Spanish Empire,Venezuelan Declaration of Independence,1811,"July 5, 1811",Oceania,2,,Feb,Sunday,
Norway,NO,1814-05-17,Tuesday,17,May,Constitution Day,17-May,1814,Denmark,"National Day: Independence and the Constitution of Norway (May 17, 1814)",1814,"May 17, 1814",Europe,1,,Mar,Monday,
Costa Rica,CI,1821-09-15,Saturday,15,Sep,Independence Day,15-Sep,1821,Spanish Empire,Act of Independence of Central America[citation needed],1821,"September 15, 1821",NorthAmerica,1,,Mar,Tuesday,
El Salvador,SV,1821-09-15,Saturday,15,Sep,Independence Day,15-Sep,1821,Spanish Empire,Act of Independence of Central America[citation needed],1821,"September 15, 1821",NorthAmerica,2,,Mar,Wednesday,
Greece,GR,1821-03-25,Sunday,25,Mar,,25-Mar,1821,Ottoman Empire,Declaration of independence 1821. Start of the Greek War of Independence.,1821,"March 25, 1821",Europe,3,,Mar,Thursday,
Guatemala,GT,1821-09-15,Saturday,15,Sep,Independence Day,15-Sep,1821,Spanish Empire,Act of Independence of Central America[citation needed],1821,"September 15, 1821",NorthAmerica,4,,Mar,Friday,
Honduras,HN,1821-09-15,Saturday,15,Sep,Independence Day,15-Sep,1821,Spanish Empire,Act of Independence of Central America[citation needed],1821,"September 15, 1821",NorthAmerica,5,,Mar,Saturday,
Nicaragua,NI,1821-09-15,Saturday,15,Sep,Independence Day,15-Sep,1821,Spanish Empire,Act of Independence of Central America[citation needed],1821,"September 15, 1821",NorthAmerica,6,,Mar,Sunday,
Panama,PA,1821-11-28,Wednesday,28,Nov,,28-Nov,1821,Spain,Independence Act of Panama,1821,"November 28, 1821",NorthAmerica,7,,Apr,Monday,
Peru,PE,1821-07-28,Saturday,28,Jul,Fiestas Patrias,28-Jul,1821,Spanish Empire,,1821,"July 28, 1821",SouthAmerica,8,,Apr,Tuesday,
Brazil,BR,1822-09-07,Saturday,7,Sep,Independence Day (Dia da Independência),7-Sep,1822,"United Kingdom of Portugal, Brazil and the Algarves",Declaration of independence by Pedro I of Brazil (see Independence of Brazil)[20],1822,"September 7, 1822",SouthAmerica,1,,Apr,Wednesday,
Ecuador,EC,1822-05-24,Friday,24,May,,24-May,1822,Spanish Empire,Battle of Pichincha,1822,"May 24, 1822",SouthAmerica,2,,Apr,Thursday,
Bolivia,BT,1825-08-06,Saturday,6,Aug,Independence Day,6-Aug,1825,Spain,Bolivian Declaration of Independence,1825,"August 6, 1825",Asia,1,,Apr,Friday,
Uruguay,UY,1825-08-25,Thursday,25,Aug,Independence Day,25-Aug,1825,United Provinces of the Rio de la Plata,Declaration of independence and union with the United Provinces of the Rio de la Plata.,1825,"August 25, 1825",SouthAmerica,2,,Apr,Saturday,
Belgium,BE,1831-07-21,Thursday,21,Jul,National Day,21-Jul,1831,United Netherlands,Ascension of Leopold of Saxe-Coburg-Saalfeld to the throne[16],1831,"July 21, 1831",Europe,1,,Apr,Sunday,
Liberia,LR,1847-07-26,Monday,26,Jul,Independence Day,26-Jul,1847,American Colonization Society,Liberian Declaration of Independence,1847,"July 26, 1847",Africa,1,,May,Monday,
Romania,RO,1877-05-09,Wednesday,9,May,State Independence Day of Romania(Ziua Independenței de Stat a României),9-May,1877,Ottoman Empire,"Romania's declaration of its independence and subsequent victory in the Romanian War of Independence, part of the Russo-Turkish War of 1877–1878, against the Ottoman Empire.[77]",1877,"May 9, 1877",Europe,1,,May,Tuesday,
Bulgaria,BG,1878-03-03,Sunday,3,Mar,Liberation Day,3-Mar,1878,Ottoman Empire,Treaty of San Stefano which created the autonomous Principality of Bulgaria[23],1878,"March 3, 1878",Europe,1,,May,Wednesday,
Qatar,QA,1878-12-18,Wednesday,18,Dec,National Day,18-Dec,1878,Ottoman Empire,,1878,"December 18, 1878",Asia,2,,May,Thursday,
Philippines,PH,1898-06-12,Sunday,12,Jun,Independence Day (Araw ng Kalayaan or Araw ng Kasarinlan),12-Jun,1898,Spanish Empire,"Philippine Declaration of Independence by Emilio Aguinaldo during the Philippine Revolution against Spain. The Philippines achieved self-rule from the United States on July 4, 1946, and celebrated July 4 as Independence Day until 1964.[75]",1898,"June 12, 1898",Asia,1,,May,Friday,
Panama,PA,11/3/03,Tuesday,3,Nov,,3-Nov,1903,Colombia,"Panama was member of the ""Gran Colombia"" until 1903. The 1903 separation from Colombia is celebrated as an official holiday day on November 3.",1903,3-Nov-03,NorthAmerica,1,,May,Saturday,
Norway,NO,6/7/05,Wednesday,7,Jun,Independence Day,7-Jun,1905,Sweden,"Union Dissolution and Independence Day (June 7, 1905)",1905,7-Jun-05,Europe,1,,May,Sunday,
Mongolia,MN,12/29/11,Friday,29,Dec,Independence Day,29-Dec,1911,Qing China[65][66],"Independence declared in 1911 during the Xinhai Revolution. However, Mongolian independence was neither recognized by Qing China nor its successor state, the Republic of China. The Imperial Edict of the Abdication of the Qing Emperor issued in 1912 provided the legal basis for the Republic of China to inherit all Qing territories, including Mongolia.[67][68][69] The Republic of China later established de facto control over Mongolia in 1919. Mongolia subsequently re-asserted its independence in 1921.",1911,29-Dec-11,Asia,1,,Jun,Monday,
Albania,AL,11/28/12,Thursday,28,Nov,Flag Day (Dita e Flamurit),28-Nov,1912,Ottoman Empire,"Albanian Declaration of Independence. The following day, November 29, is celebrated as the Liberation Day and commemorates the end of the German occupation in 1944.[4]",1912,28-Nov-12,Europe,1,,Jun,Tuesday,
Ireland,IE,4/24/16,Monday,24,Apr,,24-Apr,1916,United Kingdom of Great Britain and Ireland,Proclamation of the Irish Republic commencing the Easter Rising. Usually celebrated on Easter Monday.,1916,24-Apr-16,Europe,1,,Jun,Wednesday,
Finland,FI,12/6/17,Thursday,6,Dec,Independence Day,6-Dec,1917,Russian Soviet Federative Socialist Republic,Finnish Declaration of Independence,1917,6-Dec-17,Europe,1,,Jun,Thursday,
Azerbaijan,AZ,5/28/18,Tuesday,28,May,Republic Day,28-May,1918,Russian Soviet Federative Socialist Republic,Declaration of Independence (Azerbaijan),1918,28-May-18,Asia,1,,Jun,Friday,
Czech Republic,CZ,10/28/18,Monday,28,Oct,Independence Day,28-Oct,1918,Austria-Hungary,Independence declaration by the Czechoslovak National Council[51],1918,28-Oct-18,Asia,2,,Jun,Saturday,
Estonia,EE,2/24/18,Sunday,24,Feb,Independence Day,24-Feb,1918,Russian Soviet Federative Socialist Republic,Estonian Declaration of Independence,1918,24-Feb-18,Europe,3,,Jun,Sunday,
Georgia,GE,5/26/18,Sunday,26,May,Independence Day,26-May,1918,Russian Soviet Federative Socialist Republic,Day of the proclamation of the Democratic Republic of Georgia in 1918.,1918,26-May-18,Asia,4,,Jul,Monday,
Latvia,LV,11/18/18,Monday,18,Nov,Proclamation Day of the Republic of Latvia,18-Nov,1918,Russian Soviet Federative Socialist Republic and German Empire,"Proclamation of independence on November 18, 1918. Latvia was part of Russian Empire prior to World War I, but its territory had been ceded to German Empire in March 1918",1918,18-Nov-18,Europe,5,,Jul,Tuesday,
Lithuania,LT,2/16/18,Saturday,16,Feb,Statehood Restoration Day,16-Feb,1918,Russian Soviet Federative Socialist Republic and German Empire,Act of Independence of Lithuania,1918,16-Feb-18,Europe,6,,Jul,Wednesday,
Poland,PL,11/11/18,Monday,11,Nov,Independence Day (Święto Niepodległości),11-Nov,1918,Russian Soviet Federative Socialist Republic and German Empire,"Restoration of Poland's independence in 1918 after 123 years of partitions by Russia, Prussia, and Austria.",1918,11-Nov-18,Europe,7,,Jul,Thursday,
Afghanistan,AF,8/19/19,Tuesday,19,Aug,Afghan Independence Day (Afghan Victory Day),19-Aug,1919,United Kingdom,"Anglo-Afghan Treaty of 1919 or Treaty of Rawalpindi, an armistice between the United Kingdom and Afghanistan during the Third Anglo-Afghan War[3]",1919,19-Aug-19,Asia,1,,Jul,Friday,
South Korea,GS,3/1/19,Saturday,1,Mar,Samiljeol,1-Mar,1919,Empire of Japan,"Korean Declaration of Independence in 1919. This day is celebrated as Samiljeol, or Independence Proclamation Day.",1919,1-Mar-19,SouthAmerica,2,,Jul,Saturday,
Ukraine,UA,1/22/19,Wednesday,22,Jan,Day of Unity,22-Jan,1919,Russian Soviet Federative Socialist Republic,"Unification of Ukraine on January 22, 1919.[81]",1919,22-Jan-19,Europe,3,,Jul,Sunday,
South Africa,ZA,12/11/31,Friday,11,Dec,Not a holiday,11-Dec,1931,United Kingdom,"Independence in 1931 in terms of the Balfour Declaration of 1926 which is not a public holiday. The Union of South Africa formed on May 31, 1910 and the Republic of South Africa declared on May 31, 1961 under minority rule during Apartheid.  Majority rule achieved on April 27, 1994, which is celebrated annually as the Freedom Day.",1931,11-Dec-31,Africa,1,,Aug,Monday,
Iraq,IQ,10/3/32,Monday,3,Oct,,3-Oct,1932,United Kingdom,,1932,3-Oct-32,Asia,1,,Aug,Tuesday,
Saudi Arabia,SA,9/23/32,Friday,23,Sep,National Day,23-Sep,1932,,"King Abdulaziz renames the Arabian Peninsula after himself ""House of Saud"" or ""Saud's Arabia"". King Abdullah officially recognized it in 2005 by royal decree.",1932,23-Sep-32,Asia,2,,Aug,Wednesday,
Lebanon,LB,11/22/43,Monday,22,Nov,Independence Day,22-Nov,1943,France,,1943,22-Nov-43,Asia,1,,Aug,Thursday,
Belarus,BY,7/3/44,Monday,3,Jul,Independence Day,3-Jul,1944,Nazi Germany,The liberation of Minsk after several years of German occupation in 1944. Two other independence days – March 25 (proclamation of the Belarusian People's Republic in 1918) and July 27 (independence from the Soviet Union in 1990) – are commemorated unofficially.[15],1944,3-Jul-44,Europe,1,,Aug,Friday,
Iceland,IS,6/17/44,Saturday,17,Jun,Independence Day,17-Jun,1944,Denmark,Effective date of the dissolution of the Danish–Icelandic Act of Union following the 1944 Icelandic constitutional referendum[59],1944,17-Jun-44,Europe,2,,Aug,Saturday,
Morocco,MA,1/11/44,Tuesday,11,Jan,Proclamation of Independence Day,11-Jan,1944,France and Spain,,1944,11-Jan-44,Africa,3,,Aug,Sunday,
Indonesia,ID,8/17/45,Friday,17,Aug,Independence Day (Hari Kemerdekaan),17-Aug,1945,Netherlands and Japan,Proclamation of Indonesian Independence,1945,17-Aug-45,Asia,1,,Sep,Monday,
North Korea,NF,8/15/45,Wednesday,15,Aug,Chogukhaebangŭi nal,15-Aug,1945,Empire of Japan,Founding of the Democratic People's Republic of Korea in 1948. Korean War 1950–1953.,1945,15-Aug-45,Oceania,2,,Sep,Tuesday,
South Korea,GS,8/15/45,Wednesday,15,Aug,Gwangbokjeol,15-Aug,1945,Empire of Japan,Liberation from the Empire of Japan in 1945. See Japanese Occupation of Korea. The Provisional Government of the Republic of Korea was founded in 1919. Korean War 1950–1953.,1945,15-Aug-45,SouthAmerica,3,,Sep,Wednesday,
Vietnam,VN,9/2/45,Sunday,2,Sep,Independence Day,2-Sep,1945,Empire of Japan and France,Proclamation of Independence of the Democratic Republic of Vietnam,1945,2-Sep-45,Asia,4,,Sep,Thursday,
Jordan,JO,5/25/46,Saturday,25,May,Independence Day,25-May,1946,United Kingdom,Ascension of Abdullah I of Jordan to the throne[59],1946,25-May-46,Asia,1,,Sep,Friday,
Syria,CH,4/17/46,Wednesday,17,Apr,Evacuation Day,17-Apr,1946,France,End of the French Mandate of Syria in 1946.,1946,17-Apr-46,Europe,2,,Sep,Saturday,
India,IN,8/15/47,Friday,15,Aug,Independence Day,15-Aug,1947,United Kingdom,Effective date of the Indian Independence Act 1947,1947,15-Aug-47,Asia,1,,Sep,Sunday,
Pakistan,PK,8/14/47,Thursday,14,Aug,Independence Day (Youm-e-Azadi),14-Aug,1947,United Kingdom,Effective date of the Indian Independence Act 1947;[71] see also: Pakistan Day (March 23),1947,14-Aug-47,Asia,2,,Oct,Monday,
Israel,IL,5/14/48,Friday,14,May,Yom Ha'atzmaut,14-May,1948,United Kingdom and the British Mandate for Palestine,"Israeli Declaration of Independence on May 14, 1948 (5 Iyar 5708 in the Hebrew calendar). Yom Ha'atzmaut is celebrated on the Tuesday, Wednesday or Thursday nearest to 5 Iyar, so it occurs between 3 and 6 Iyar each year; this means that the holiday can fall any time between and including April 15 and May 15, according to the Gregorian calendar.",1948,14-May-48,Asia,1,,Oct,Tuesday,
Myanmar,MM,1/4/48,Sunday,4,Jan,Independence Day,4-Jan,1948,United Kingdom,Burmese Declaration of Independence,1948,4-Jan-48,Asia,2,,Oct,Wednesday,
Sri Lanka,LK,2/4/48,Wednesday,4,Feb,Independence Day,4-Feb,1948,United Kingdom,,1948,4-Feb-48,Asia,3,,Oct,Thursday,
Libya,LY,12/24/51,Monday,24,Dec,,24-Dec,1951,Italy,"Independence from Italy on February 10, 1947, released from British and French on December 24, 1951.",1951,24-Dec-51,Africa,1,,Oct,Friday,
Cambodia,KH,11/9/53,Monday,9,Nov,Independence Day,9-Nov,1953,France,"Ceremony transferring military from French to Cambodian officials based on a military hand-over agreement reached on October 17, 1953[28][29]",1953,9-Nov-53,Asia,1,,Oct,Saturday,
Austria,AT,10/26/55,Wednesday,26,Oct,National Day,26-Oct,1955,"Allied occupying powers (France, United Kingdom, United States and Soviet Union)",Declaration of Neutrality,1955,26-Oct-55,Europe,1,,Oct,Sunday,
Morocco,MA,11/18/55,Friday,18,Nov,Independence Day,18-Nov,1955,France and Spain,Return of Mohammed V of Morocco from exile,1955,18-Nov-55,Africa,2,,Nov,Monday,
Sudan,SD,1/1/56,Sunday,1,Jan,Independence Day,1-Jan,1956,Egypt and the United Kingdom,,1956,1-Jan-56,Africa,1,,Nov,Tuesday,
Tunisia,TN,3/20/56,Tuesday,20,Mar,Independence Day,20-Mar,1956,France,,1956,20-Mar-56,Africa,2,,Nov,Wednesday,
Ghana,GH,3/6/57,Wednesday,6,Mar,Independence Day,6-Mar,1957,United Kingdom,,1957,6-Mar-57,Africa,1,,Nov,Thursday,
Malaysia,MY,8/31/57,Saturday,31,Aug,Hari Merdeka,31-Aug,1957,United Kingdom,Malayan Declaration of Independence,1957,31-Aug-57,Asia,2,,Nov,Friday,
Burkina Faso,BF,12/11/58,Thursday,11,Dec,Proclamation of Independence Day,11-Dec,1958,France,Effective date when French Upper Volta became an autonomous republic in the French Community,1958,11-Dec-58,Africa,1,,Nov,Saturday,
Central African Republic,CF,12/1/58,Monday,1,Dec,National Day,1-Dec,1958,France,Effective date when Central African Republic became an autonomous republic of the French Community[33],1958,1-Dec-58,Africa,2,,Nov,Sunday,
Guinea,GN,10/2/58,Thursday,2,Oct,,2-Oct,1958,France,,1958,2-Oct-58,Africa,3,,Dec,Monday,
Benin,BJ,8/1/60,Monday,1,Aug,Independence Day,1-Aug,1960,France,Effective date of the agreement with France signed on July 11 creating the independent Republic of Dahomey[18],1960,1-Aug-60,Africa,1,,Dec,Tuesday,
Chad,TD,8/11/60,Thursday,11,Aug,Independence Day,11-Aug,1960,France,Effective date of the agreement with France signed on July 12[18],1960,11-Aug-60,Africa,2,,Dec,Wednesday,
"Congo, Democratic Republic of the",CG,6/30/60,Thursday,30,Jun,Independence Day,30-Jun,1960,Belgium,"Effective date of the Treaty of Friendship, Assistance and Co-operation between Belgium and the Congo concluded on June 29, 1960[42]",1960,30-Jun-60,Africa,3,,Dec,Thursday,
"Congo, Republic of the",CG,8/15/60,Monday,15,Aug,Independence Day,15-Aug,1960,France,Effective date of the agreement with France signed on July 12.[18],1960,15-Aug-60,Africa,4,,Dec,Friday,
Cyprus,CY,10/1/60,Saturday,1,Oct,Independence Day,1-Oct,1960,United Kingdom,"Effective date of the London-Zürich Agreements was August 16, 1960, but the public holiday was moved to October 1 to avoid summer heat and tourist season.[50]",1960,1-Oct-60,Asia,5,,Dec,Saturday,
Gabon,GA,8/17/60,Wednesday,17,Aug,,17-Aug,1960,France,Effective date of the agreement with France signed on July 15.[18],1960,17-Aug-60,Africa,6,,Dec,Sunday,
Ivory Coast,IT,8/7/60,Sunday,7,Aug,,7-Aug,1960,France,Effective date of the agreement with France signed on July 11.[18],1960,7-Aug-60,Europe,7,,,,
Madagascar,MG,6/26/60,Sunday,26,Jun,,26-Jun,1960,France,,1960,26-Jun-60,Africa,8,,,,
Mali,ML,9/22/60,Thursday,22,Sep,,22-Sep,1960,France,,1960,22-Sep-60,Africa,9,,,,
Mauritania,MR,11/28/60,Monday,28,Nov,,28-Nov,1960,France,Effective date of the agreement with France signed on October 19.[18],1960,28-Nov-60,Africa,10,,,,
Niger,NE,8/3/60,Wednesday,3,Aug,Independence Day,3-Aug,1960,France,Effective date of the agreement with France signed on July 11.[18],1960,3-Aug-60,Africa,11,,,,
Nigeria,NG,10/1/60,Saturday,1,Oct,Independence Day,1-Oct,1960,United Kingdom,,1960,1-Oct-60,Africa,12,,,,
Senegal,SN,4/4/60,Monday,4,Apr,Independence Day,4-Apr,1960,France,,1960,4-Apr-60,Africa,13,,,,
Somalia,SO,7/1/60,Friday,1,Jul,Independence Day,1-Jul,1960,Italy and United Kingdom,Union of the Trust Territory of Somalia (former Italian Somaliland) and British Somaliland to form the Somali Republic. Event commemorated annually.,1960,1-Jul-60,Africa,14,,,,
Togo,TG,4/27/60,Wednesday,27,Apr,,27-Apr,1960,France,,1960,27-Apr-60,Africa,15,,,,
Kuwait,KW,2/25/61,Saturday,25,Feb,,25-Feb,1961,United Kingdom,,1961,25-Feb-61,Asia,1,,,,
Sierra Leone,SL,4/27/61,Thursday,27,Apr,Independence Day,27-Apr,1961,United Kingdom,,1961,27-Apr-61,Africa,2,,,,
Tanzania,TJ,12/9/61,Saturday,9,Dec,,9-Dec,1961,United Kingdom,Independence as Tanganyika,1961,9-Dec-61,Asia,3,,,,
Algeria,DZ,7/5/62,Thursday,5,Jul,Independence Day,5-Jul,1962,France,"Algeria gained independence following the Algerian War and the Algerian independence referendum. France officially recognized independent Algeria on July 3, but the Independence Day is celebrated on July 5, the day of the fall of Algiers in 1830 and the beginning of French Algeria.[5][6]",1962,5-Jul-62,Africa,1,,,,
Burundi,BI,7/1/62,Sunday,1,Jul,Independence Day,1-Jul,1962,Belgium,Effective date of the United Nations General Assembly Resolution 1746 terminating the Ruanda-Urundi Trusteeship[26][27],1962,1-Jul-62,Africa,2,,,,
Jamaica,JM,8/6/62,Monday,6,Aug,,6-Aug,1962,United Kingdom,Independence of Jamaica,1962,6-Aug-62,NorthAmerica,3,,,,
Rwanda,RW,7/1/62,Sunday,1,Jul,Independence Day,1-Jul,1962,Belgium,Effective date of the United Nations General Assembly Resolution 1746 terminating the Ruanda-Urundi Trusteeship[26][27],1962,1-Jul-62,Africa,4,,,,
Samoa,WS,6/1/62,Friday,1,Jun,,1-Jun,1962,New Zealand,,1962,1-Jun-62,Oceania,5,,,,
Trinidad and Tobago,TT,8/31/62,Friday,31,Aug,Independence Day,31-Aug,1962,United Kingdom,Effective date of the Trinidad and Tobago Independence Act 1962,1962,31-Aug-62,NorthAmerica,6,,,,
Uganda,UG,10/9/62,Tuesday,9,Oct,Independence Day,9-Oct,1962,United Kingdom,,1962,9-Oct-62,Africa,7,,,,
Kenya,KE,12/12/63,Thursday,12,Dec,Jamhuri Day,12-Dec,1963,United Kingdom,,1963,12-Dec-63,Africa,1,,,,
Malawi,MW,7/6/64,Monday,6,Jul,,6-Jul,1964,United Kingdom,,1964,6-Jul-64,Africa,1,,,,
Malta,MT,9/21/64,Monday,21,Sep,Independence Day,21-Sep,1964,United Kingdom,,1964,21-Sep-64,Europe,2,,,,
Zambia,ZM,10/24/64,Saturday,24,Oct,Independence Day,24-Oct,1964,United Kingdom,Effective date of the Zambia Independence Act 1964,1964,24-Oct-64,Africa,3,,,,
"Gambia, The",GM,2/18/65,Thursday,18,Feb,,18-Feb,1965,United Kingdom,Effective date of the Gambia Independence Act 1964,1965,18-Feb-65,Africa,1,,,,
Maldives,MV,7/26/65,Monday,26,Jul,,26-Jul,1965,United Kingdom,,1965,26-Jul-65,Asia,2,,,,
Singapore,SG,8/9/65,Monday,9,Aug,National Day,9-Aug,1965,Malaysia,Proclamation of Singapore,1965,9-Aug-65,Asia,3,,,,
Barbados,BB,11/30/66,Wednesday,30,Nov,Independence Day,30-Nov,1966,United Kingdom,Effective date of the Barbados Independence Act 1966,1966,30-Nov-66,NorthAmerica,1,,,,
Botswana,BW,9/30/66,Friday,30,Sep,Independence Day,30-Sep,1966,United Kingdom,Effective date of the Botswana Independence Act 1966[19],1966,30-Sep-66,Africa,2,,,,
Guyana,GY,5/26/66,Thursday,26,May,,26-May,1966,United Kingdom,,1966,26-May-66,SouthAmerica,3,,,,
Lesotho,LS,10/4/66,Tuesday,4,Oct,,4-Oct,1966,United Kingdom,,1966,4-Oct-66,Africa,4,,,,
Yemen,YE,11/30/67,Thursday,30,Nov,,30-Nov,1967,United Kingdom,Declaration of independence as South Yemen,1967,30-Nov-67,Asia,1,,,,
Equatorial Guinea,GQ,10/12/68,Saturday,12,Oct,,12-Oct,1968,Spain,,1968,12-Oct-68,Africa,1,,,,
Eswatini,EE,9/6/68,Friday,6,Sep,Somhlolo Day,6-Sep,1968,United Kingdom,"Named for Ngwane IV, Somhlolo, who reigned from 1815 to 1836 and created a kingdom comparable to the Zulu, the Maroti, or the Pedi.",1968,6-Sep-68,Africa,2,,,,
Mauritius,MU,3/12/68,Tuesday,12,Mar,,12-Mar,1968,United Kingdom,,1968,12-Mar-68,Africa,3,,,,
Nauru,NR,1/31/68,Wednesday,31,Jan,,31-Jan,1968,"Australia, New Zealand and the United Kingdom",,1968,31-Jan-68,Oceania,4,,,,
Fiji,FJ,10/10/70,Saturday,10,Oct,Fiji Day,10-Oct,1970,United Kingdom,Instruments of Independence,1970,10-Oct-70,Oceania,1,,,,
Tonga,TO,6/4/70,Thursday,4,Jun,,4-Jun,1970,United Kingdom,Termination of protectorate status in 1970,1970,4-Jun-70,Oceania,2,,,,
Bahrain,BH,12/16/71,Thursday,16,Dec,Independence Day,16-Dec,1971,United Kingdom,Ascension of Isa bin Salman Al Khalifa to the throne[14],1971,16-Dec-71,Asia,1,,,,
Bangladesh,BD,3/26/71,Friday,26,Mar,Independence Day,26-Mar,1971,Pakistan,Proclamation of Bangladeshi Independence,1971,26-Mar-71,Asia,2,,,,
Qatar,QA,12/18/71,Saturday,18,Dec,Independence from Britain,18-Dec,1971,United Kingdom,The former is celebrated more often,1971,18-Dec-71,Asia,3,,,,
United Arab Emirates,AE,12/2/71,Thursday,2,Dec,National Day,2-Dec,1971,United Kingdom,,1971,2-Dec-71,Asia,4,,,,
"Bahamas, The",BS,7/10/73,Tuesday,10,Jul,Independence Day,10-Jul,1973,United Kingdom,Effective date of The Bahamas Independence Order 1973[13],1973,10-Jul-73,NorthAmerica,1,,,,
Guinea-Bissau,GW,9/24/73,Monday,24,Sep,Independence Day,24-Sep,1973,Portugal,Declaration of independence during the Guinea-Bissau War of Independence[56],1973,24-Sep-73,Africa,2,,,,
Grenada,GD,2/7/74,Thursday,7,Feb,Independence Day,7-Feb,1974,United Kingdom,,1974,7-Feb-74,NorthAmerica,1,,,,
Angola,AO,11/11/75,Tuesday,11,Nov,Independence Day,11-Nov,1975,Portugal,"The Alvor Agreement, signed on 15 January 1975, granted Angola independence from Portugal on 11 November, ending the Angolan War of Independence.[7]",1975,11-Nov-75,Africa,1,,,,
Cape Verde,CV,7/5/75,Saturday,5,Jul,Independence Day,5-Jul,1975,Portugal,"Effective date of the Agreement Between Portugal and Partido Africano para a Independência da Guiné e Cabo Verde (PAIGC) signed on December 18, 1974[32]",1975,5-Jul-75,NorthAmerica,2,,,,
Comoros,KM,7/6/75,Sunday,6,Jul,Independence Day,6-Jul,1975,France,Unilateral declaration of independence by the Chamber of Deputies of Comoros following the 1974 Comorian independence referendum[41],1975,6-Jul-75,Africa,3,,,,
Mozambique,MZ,6/25/75,Wednesday,25,Jun,Independence DayDia da Independência Nacional,25-Jun,1975,Portugal,"In September 1964 the Mozambique Liberation Front (FRELIMO) began an armed guerilla campaign against the Portuguese. FRELIMO took control of Maputo in April 1974 in a coup. Independence for Mozambique was officially declared a year later on June 25, 1975.[70]",1975,25-Jun-75,Africa,4,,,,
Papua New Guinea,PG,9/16/75,Tuesday,16,Sep,,16-Sep,1975,Australia of the former Territory of Papua and New Guinea,,1975,16-Sep-75,Oceania,5,,,,
São Tomé and Príncipe,RW,7/12/75,Saturday,12,Jul,Independence Day,12-Jul,1975,Portugal,"Effective date of the agreement with Portugal reached on November 26, 1974[78][79]",1975,12-Jul-75,Africa,6,,,,
Suriname,SR,11/25/75,Tuesday,25,Nov,Independence Day,25-Nov,1975,Netherlands,,1975,25-Nov-75,SouthAmerica,7,,,,
Seychelles,SC,6/29/76,Tuesday,29,Jun,,29-Jun,1976,United Kingdom,,1976,29-Jun-76,Africa,1,,,,
Djibouti,DJ,6/27/77,Monday,27,Jun,Independence Day,27-Jun,1977,France,,1977,27-Jun-77,Africa,1,,,,
Dominica,DM,11/3/78,Friday,3,Nov,Independence Day,3-Nov,1978,United Kingdom,,1978,3-Nov-78,NorthAmerica,1,,,,
Solomon Islands,SB,7/7/78,Friday,7,Jul,Independence Day,7-Jul,1978,United Kingdom,,1978,7-Jul-78,Oceania,2,,,,
Tuvalu,TV,10/1/78,Sunday,1,Oct,Independence Day,1-Oct,1978,United Kingdom,,1978,1-Oct-78,Oceania,3,,,,
Iran,ID,4/1/79,Sunday,1,Apr,,1-Apr,1979,,"After holding a referendum, Iran officially became an Islamic republic in April 1979.",1979,1-Apr-79,Asia,1,,,,
Kiribati,KI,7/12/79,Thursday,12,Jul,,12-Jul,1979,United Kingdom,,1979,12-Jul-79,Oceania,2,,,,
Saint Lucia,LC,2/22/79,Thursday,22,Feb,Independence Day,22-Feb,1979,United Kingdom,,1979,22-Feb-79,NorthAmerica,3,,,,
Saint Vincent and the Grenadines,VC,10/27/79,Saturday,27,Oct,Independence Day,27-Oct,1979,United Kingdom,,1979,27-Oct-79,NorthAmerica,4,,,,
Vanuatu,VU,7/30/80,Wednesday,30,Jul,Independence Day,30-Jul,1980,United Kingdom and France,,1980,30-Jul-80,Oceania,1,,,,
Zimbabwe,ZW,4/18/80,Friday,18,Apr,Independence Day,18-Apr,1980,United Kingdom,Effective date of the Lancaster House Agreement,1980,18-Apr-80,Africa,2,,,,
Antigua and Barbuda,AG,11/1/81,Sunday,1,Nov,Independence Day,1-Nov,1981,United Kingdom,The effective date of the Antigua Termination of Association Order passed by the Parliament of the United Kingdom in July[8][9],1981,1-Nov-81,NorthAmerica,1,,,,
Belize,BZ,9/21/81,Monday,21,Sep,Independence Day,21-Sep,1981,United Kingdom,Effective day of the Belize Act 1981[17],1981,21-Sep-81,NorthAmerica,2,,,,
Saint Kitts and Nevis,KN,9/19/83,Monday,19,Sep,Independence Day,19-Sep,1983,United Kingdom,,1983,19-Sep-83,NorthAmerica,1,,,,
Brunei,IO,2/23/84,Thursday,23,Feb,National Day,23-Feb,1984,United Kingdom,"Brunei gained full independence effective January 1, 1984 under the Treaty of Friendship and Co-operation of 7 January 1979 between United Kingdom and Brunei.[21] However, the celebrations of the first National Day were delayed until February 23 and that day continues to be celebrated since.[22]",1984,23-Feb-84,NorthAmerica,1,,,,
Micronesia,MX,11/3/86,Monday,3,Nov,Independence Day,3-Nov,1986,United States,Effective date of the Compact of Free Association,1986,3-Nov-86,NorthAmerica,1,,,,
Palestine,PW,11/15/88,Tuesday,15,Nov,National Day,15-Nov,1988,Israel,Palestinian Declaration of Independence,1988,15-Nov-88,Oceania,1,,,,
Latvia,LV,5/4/90,Friday,4,May,,4-May,1990,Soviet Union,On the Restoration of Independence of the Republic of Latvia,1990,4-May-90,Europe,1,,,,
Lithuania,LT,3/11/90,Sunday,11,Mar,Independence Restoration Day,11-Mar,1990,Soviet Union,Act of the Re-Establishment of the State of Lithuania,1990,11-Mar-90,Europe,2,,,,
Namibia,,3/21/90,Wednesday,21,Mar,,21-Mar,1990,South Africa,,1990,21-Mar-90,Africa,3,,,,
Armenia,AM,9/21/91,Saturday,21,Sep,Independence Day,21-Sep,1991,Soviet Union,1991 Armenian independence referendum,1991,21-Sep-91,Asia,1,,,,
Eritrea,ER,5/24/91,Friday,24,May,Independence Day,24-May,1991,Ethiopia,,1991,24-May-91,Africa,2,,,,
Estonia,EE,8/20/91,Tuesday,20,Aug,Day of Restoration of Independence[55],20-Aug,1991,Soviet Union[55],Estonian Restoration of Independence,1991,20-Aug-91,Europe,3,,,,
Georgia,GE,4/9/91,Tuesday,9,Apr,Day of National Unity,9-Apr,1991,Soviet Union,,1991,9-Apr-91,Asia,4,,,,
Hungary,HU,6/19/91,Wednesday,19,Jun,Day of Hungarian Freedom (A magyar szabadság napja),last Saturday of June,1991,,Restoration of Hungary's sovereignty after the withdrawal of Soviet troops in June 1991.[57][58],1991,"last Saturday of June, 1991",Europe,5,,,,
Kazakhstan,KZ,12/16/91,Monday,16,Dec,Independence Day,16-Dec,1991,Soviet Union,,1991,16-Dec-91,Asia,6,,,,
Kyrgyzstan,KG,8/31/91,Saturday,31,Aug,Independence Day,31-Aug,1991,Soviet Union,,1991,31-Aug-91,Asia,7,,,,
Moldova,FM,8/27/91,Tuesday,27,Aug,Independence Day,27-Aug,1991,Soviet Union,Moldovan Declaration of Independence,1991,27-Aug-91,Oceania,8,,,,
North Macedonia,NF,9/8/91,Sunday,8,Sep,Independence Day (Den na nezavisnosta),8-Sep,1991,SFR Yugoslavia,,1991,8-Sep-91,Europe,9,,,,
Slovenia,SI,6/25/91,Tuesday,25,Jun,Independence and Unity Day,25-Jun,1991,SFR Yugoslavia,"Date of the release of the official results of the independence plebiscite in 1990, confirming secession from Yugoslavia. (Statehood Day) Declared independence from Yugoslavia in 1991.",1991,25-Jun-91,Europe,10,,,,
Tajikistan,TJ,9/9/91,Monday,9,Sep,Independence Day,9-Sep,1991,Soviet Union,,1991,9-Sep-91,Asia,11,,,,
Turkmenistan,TM,9/27/91,Friday,27,Sep,Independence Day,27-Sep,1991,Soviet Union[80],,1991,27-Sep-91,Asia,12,,,,
Ukraine,UA,8/24/91,Saturday,24,Aug,Independence Day,24-Aug,1991,Soviet Union,Declaration of Independence of Ukraine,1991,24-Aug-91,Europe,13,,,,
Uzbekistan,UZ,9/1/91,Sunday,1,Sep,Independence Day,1-Sep,1991,Soviet Union,,1991,1-Sep-91,Asia,14,,,,
Bosnia and Herzegovina,BA,3/1/92,Sunday,1,Mar,Independence Day,1-Mar,1992,Socialist Federal Republic of Yugoslavia,1992 Bosnian independence referendum,1992,1-Mar-92,Europe,1,,,,
Slovakia,SK,7/17/92,Friday,17,Jul,,17-Jul,1992,,"Declaration of Independence in 1992 (only a remembrance day), de jure independence came on January 1, 1993 after the division of Czechoslovakia (public holiday).",1992,17-Jul-92,Europe,2,,,,
East Timor,DO,5/20/02,Monday,20,May,,20-May,2002,Portugal,"East Timor was invaded by Indonesia from 1975 to 1999, officially it never ceased to be considered as administrated by Portugal.",2002,20-May-02,NorthAmerica,1,,,,
Montenegro,ME,5/21/06,Sunday,21,May,,21-May,2006,Serbia and Montenegro,2006 Montenegrin independence referendum,2006,21-May-06,Europe,1,,,,
South Sudan,SS,7/9/11,Saturday,9,Jul,Independence Day,9-Jul,2011,Sudan,,2011,9-Jul-11,Africa,1,,,,